iter	RMSE
0	5800.71067
1	4081.133904
